ph,Hardness,Solids,Chloramines,Sulfate,Conductivity,Organic_carbon,Trihalomethanes,Turbidity,Dissolved_Oxygen,Temperature,TDS,Potability
7.2,180.5,15432.8,7.8,289.4,421.5,14.2,78.3,2.1,8.4,23.5,487.2,1
6.8,195.3,18945.2,6.9,312.7,456.8,15.7,82.1,3.4,7.9,25.1,523.8,1
8.1,145.8,12876.4,8.2,267.9,389.2,12.9,71.5,1.8,9.2,22.7,445.3,1
6.3,234.7,22134.6,9.1,345.2,512.3,17.8,89.7,5.8,6.8,26.9,589.4,0
7.9,167.2,14587.3,7.5,298.6,398.7,13.5,75.9,2.6,8.7,24.2,465.1,1
5.8,267.9,25698.1,10.3,389.5,567.2,19.4,95.2,7.2,5.9,28.3,634.7,0
7.6,201.4,16234.7,8.0,276.8,423.9,14.8,79.6,3.1,8.1,23.8,498.5,1
9.2,198.6,19876.5,7.2,334.1,478.3,15.2,86.4,4.3,7.5,25.7,547.9,0
7.1,178.9,13765.2,7.9,282.4,405.6,13.7,74.8,2.4,8.9,23.1,452.8,1
6.9,189.3,17543.8,8.4,301.7,441.2,14.6,81.3,3.7,8.2,24.6,512.6,1
8.3,156.7,11945.6,6.8,254.3,372.9,12.1,68.7,1.5,9.8,22.4,428.9,1
5.9,243.1,23876.4,9.8,362.8,534.1,18.3,92.6,6.5,6.2,27.5,612.3,0
7.4,192.8,15687.9,7.6,295.2,412.7,14.1,77.4,2.8,8.6,24.0,478.2,1
8.7,164.5,18234.7,8.9,318.6,467.8,15.9,84.2,4.1,7.3,25.9,534.1,0
6.7,216.9,20145.3,8.7,327.4,489.5,16.2,87.9,5.1,7.1,26.2,567.8,0
7.8,183.4,14876.2,7.3,289.7,398.1,13.8,76.5,2.7,8.8,23.6,461.4,1
9.1,171.2,19567.8,7.0,341.9,498.2,15.6,88.1,4.6,7.2,26.1,542.3,0
7.0,199.7,16789.4,8.1,304.8,428.6,14.4,80.2,3.2,8.3,24.3,489.7,1
6.2,251.8,24567.1,9.5,375.3,548.7,18.7,94.3,6.8,6.0,27.8,623.4,0
7.7,187.6,15234.8,7.8,286.1,415.3,14.0,78.7,2.9,8.7,23.9,467.9,1
8.8,162.3,18789.6,8.6,325.7,472.1,15.8,85.6,4.2,7.4,25.8,536.8,0
6.6,228.4,21876.3,9.2,349.6,503.9,17.1,90.4,5.6,6.7,26.7,587.2,0
7.5,194.1,15987.7,7.7,292.3,407.8,14.2,78.9,3.0,8.5,23.7,475.6,1
8.4,159.8,12567.4,6.9,269.8,381.4,12.6,72.3,1.9,9.5,22.8,437.1,1
5.7,259.3,26234.5,10.7,396.4,578.3,20.1,97.8,7.8,5.6,28.9,651.2,0
7.3,191.5,16456.8,8.0,298.5,419.7,14.3,79.8,3.1,8.4,24.1,481.3,1
8.9,168.7,19234.7,7.4,336.2,485.6,15.4,87.3,4.4,7.3,25.6,539.7,0
6.8,205.9,17689.3,8.3,309.1,445.8,14.7,82.6,3.6,8.0,24.5,506.4,1
7.9,179.2,14356.9,7.6,283.7,401.3,13.6,75.1,2.5,8.9,23.4,458.2,1
9.3,174.6,20145.8,7.1,348.3,501.7,16.1,89.5,4.8,7.1,26.3,548.9,0
6.5,239.7,22876.4,9.4,358.9,521.4,17.6,92.1,6.1,6.4,27.2,601.8,0
7.6,188.3,15678.2,7.9,291.6,413.9,14.1,78.4,2.9,8.6,23.8,472.3,1
8.6,165.1,18567.9,8.8,322.4,474.2,15.7,85.8,4.3,7.4,25.7,538.1,0
7.1,197.8,16234.7,8.2,302.1,431.5,14.5,81.7,3.3,8.2,24.4,493.8,1
6.1,246.2,23567.8,9.7,368.7,542.6,18.5,93.9,6.7,6.1,27.6,618.5,0
7.8,185.9,15098.4,7.5,287.3,409.1,13.9,77.2,2.7,8.8,23.5,464.7,1
8.7,161.4,18876.5,8.5,319.8,469.7,15.6,84.9,4.1,7.5,25.4,535.2,0
6.9,212.7,19234.6,8.6,315.4,453.8,16.0,83.5,3.9,7.8,24.8,521.7,1
7.4,190.6,15876.3,7.8,294.7,416.2,14.2,79.1,3.0,8.5,24.0,477.9,1
9.0,172.3,19678.9,7.3,342.6,495.3,15.8,88.7,4.5,7.2,26.0,543.6,0
6.4,234.8,22345.7,9.3,353.2,515.9,17.4,91.3,5.9,6.5,27.1,596.4,0
7.7,186.5,15345.8,7.7,289.9,411.7,14.0,78.6,2.8,8.7,23.7,469.1,1
8.5,163.7,18345.2,8.7,321.1,471.9,15.7,85.2,4.2,7.4,25.5,536.8,0
7.0,200.2,16567.4,8.1,305.3,433.1,14.4,81.9,3.4,8.1,24.2,495.7,1
6.0,252.4,24234.9,9.9,379.6,554.3,19.0,95.7,7.1,5.8,28.1,634.2,0
7.5,189.8,15567.7,7.6,290.8,408.5,13.8,77.8,2.9,8.6,23.6,471.4,1
8.8,166.9,18234.5,8.4,324.7,473.6,15.5,85.4,4.3,7.3,25.3,537.9,0
6.7,219.3,20567.8,8.9,331.8,497.2,16.3,88.6,5.3,6.9,26.4,574.1,0
7.6,184.7,14987.6,7.4,285.6,405.8,13.7,76.9,2.6,8.9,23.3,462.3,1
9.2,175.8,19987.3,7.2,345.9,502.8,16.0,89.8,4.7,7.0,26.2,549.7,0
6.8,207.1,17987.5,8.5,312.4,448.9,14.8,83.1,3.8,7.9,24.7,509.3,1
7.9,181.4,14687.8,7.5,284.9,403.7,13.5,75.6,2.4,9.0,23.2,460.1,1
8.4,158.6,12234.7,6.7,267.1,378.2,12.3,71.8,1.7,9.7,22.6,434.5,1
5.6,264.7,26987.2,11.0,402.8,589.6,20.5,99.1,8.2,5.3,29.2,663.8,0
7.2,193.9,16098.5,7.9,296.4,421.3,14.3,79.5,3.1,8.3,24.1,483.7,1
8.6,167.2,18876.4,8.3,318.9,468.5,15.4,84.7,4.0,7.5,25.1,534.6,0
6.9,203.8,17345.9,8.4,307.6,442.7,14.6,82.3,3.5,8.0,24.6,502.8,1
7.8,182.1,15234.6,7.6,288.2,410.4,13.9,77.4,2.8,8.8,23.5,466.9,1
9.1,173.5,19456.7,7.1,339.4,493.1,15.9,88.9,4.6,7.1,26.1,545.2,0
6.3,241.6,23098.4,9.6,364.5,538.9,18.2,94.6,6.4,6.2,27.4,608.7,0
7.7,188.9,15789.3,7.8,292.7,414.8,14.1,78.8,2.9,8.6,23.8,473.6,1
8.9,164.3,18567.8,8.6,323.8,475.3,15.6,85.9,4.4,7.3,25.4,538.9,0
7.1,198.4,16345.7,8.2,303.5,432.9,14.5,82.0,3.3,8.1,24.3,496.1,1
6.2,248.9,23789.6,9.8,372.1,547.8,18.8,94.2,6.9,5.9,27.7,625.3,0
7.4,187.6,15456.8,7.7,291.3,412.6,14.0,78.2,2.8,8.7,23.7,470.5,1
8.7,165.8,18789.4,8.5,320.6,471.7,15.7,85.1,4.2,7.4,25.5,536.4,0
6.8,214.5,19876.3,8.7,317.2,456.4,16.1,84.7,4.1,7.7,24.9,524.8,1
7.3,192.1,15987.5,7.9,295.8,418.4,14.2,79.3,3.0,8.4,24.0,479.2,1
8.8,170.7,19234.8,7.4,344.1,496.7,15.8,89.1,4.5,7.2,26.0,544.3,0
6.5,236.2,22567.9,9.4,356.3,529.6,17.5,91.8,6.0,6.3,27.0,599.1,0
7.6,185.3,15098.7,7.5,286.9,407.2,13.8,77.1,2.7,8.8,23.4,463.5,1
9.0,168.1,19098.6,7.3,341.7,494.5,15.9,88.4,4.4,7.3,25.9,542.7,0
6.9,208.7,18234.5,8.6,313.8,450.3,14.9,83.6,3.9,7.8,24.8,511.2,1
7.8,180.9,14798.3,7.4,283.1,402.8,13.4,75.3,2.5,8.9,23.1,459.7,1
8.5,162.4,18456.7,8.8,322.5,473.2,15.8,85.6,4.3,7.4,25.6,537.1,0
6.6,225.8,21234.6,9.1,347.9,511.7,16.9,90.7,5.5,6.6,26.6,584.8,0
7.5,189.2,15678.4,7.6,289.5,409.9,13.9,77.6,2.8,8.7,23.6,468.3,1
8.9,171.6,19567.9,7.2,343.2,498.6,16.0,89.6,4.6,7.1,26.1,546.9,0
6.7,216.3,20098.7,8.8,329.6,489.4,16.4,87.2,5.2,6.8,26.3,571.5,0
7.7,183.8,14876.5,7.3,284.7,404.6,13.6,76.4,2.6,8.9,23.2,461.8,1
9.3,176.4,20234.6,7.0,347.8,505.2,16.2,90.1,4.8,6.9,26.4,551.3,0
6.4,244.1,23456.8,9.7,367.4,541.3,18.6,93.4,6.6,6.0,27.5,615.7,0
7.6,186.9,15345.9,7.8,290.1,411.8,14.0,78.0,2.9,8.6,23.8,471.2,1
8.6,164.7,18345.6,8.4,319.3,469.1,15.5,84.5,4.1,7.5,25.2,534.8,0
7.0,201.5,16789.2,8.3,306.7,435.7,14.6,82.4,3.5,8.0,24.5,498.6,1
6.1,254.6,24876.3,10.2,383.9,559.7,19.3,96.8,7.4,5.7,28.4,639.1,0
7.4,188.6,15234.7,7.7,288.9,408.1,13.8,77.3,2.8,8.7,23.5,467.4,1
8.8,169.3,19098.4,8.7,326.1,476.8,15.9,86.3,4.5,7.2,25.7,540.2,0
6.8,211.9,18987.6,8.9,316.5,454.2,15.1,84.1,4.0,7.6,24.9,518.7,1
7.9,179.7,14567.8,7.4,282.6,401.7,13.3,75.0,2.4,9.0,23.0,457.9,1
8.4,157.2,12098.3,6.6,264.8,375.9,12.0,70.4,1.6,9.9,22.3,431.2,1
5.5,269.8,27234.5,11.3,408.6,595.4,21.0,100.7,8.6,5.0,29.6,674.2,0
7.1,195.4,16567.8,8.0,298.7,423.6,14.4,79.9,3.2,8.2,24.2,485.3,1
8.7,166.8,18234.9,8.5,321.4,472.7,15.6,85.3,4.2,7.3,25.3,536.1,0
6.9,206.2,17654.3,8.5,309.8,446.1,14.7,82.9,3.7,7.9,24.7,507.2,1
7.8,181.6,15089.7,7.5,285.4,406.3,13.7,76.8,2.7,8.8,23.4,464.1,1
9.2,174.9,19678.5,7.1,340.6,497.3,16.1,89.3,4.7,7.0,26.2,547.8,0
6.2,247.3,23567.4,9.9,375.8,553.2,18.9,95.1,7.0,5.8,27.8,631.4,0
7.5,190.1,15987.6,7.9,293.4,416.7,14.2,79.0,3.0,8.5,24.0,476.8,1
8.9,163.5,18876.7,8.6,324.9,474.9,15.7,85.7,4.4,7.3,25.5,538.4,0
6.6,221.7,20876.4,9.0,333.7,503.8,16.6,88.9,5.4,6.7,26.5,578.1,0
7.7,184.2,14798.6,7.3,283.9,405.1,13.5,76.2,2.6,8.9,23.1,460.7,1
8.5,159.8,18098.7,8.8,318.6,468.4,15.4,84.3,4.0,7.5,25.1,533.9,0
6.8,217.4,19567.8,8.7,314.2,451.7,15.0,83.8,3.8,7.7,24.8,516.3,1
7.9,178.3,14234.9,7.2,281.5,399.6,13.1,74.7,2.3,9.1,22.9,456.1,1
9.1,175.1,19876.3,7.3,346.4,501.9,16.0,89.7,4.6,7.1,26.1,548.5,0
6.3,240.8,22987.5,9.5,361.2,536.4,18.1,93.2,6.3,6.1,27.3,605.9,0
7.6,187.7,15567.4,7.8,291.7,413.2,14.1,78.5,2.9,8.6,23.7,472.6,1
8.8,167.4,18567.6,8.4,320.8,470.6,15.5,85.0,4.1,7.4,25.4,535.7,0
7.0,203.6,17234.8,8.4,308.1,441.9,14.8,82.7,3.6,8.0,24.6,503.4,1
6.1,251.2,24234.7,10.1,380.7,557.1,19.1,96.3,7.2,5.6,28.2,636.8,0
7.4,191.8,16098.5,7.9,296.8,420.4,14.3,79.6,3.1,8.3,24.1,482.7,1
8.6,165.9,18789.3,8.3,319.7,469.8,15.4,84.8,4.0,7.5,25.2,535.1,0
6.9,209.5,18456.7,8.8,315.9,453.6,15.0,84.0,3.9,7.6,24.8,519.8,1
7.8,182.4,15234.8,7.6,287.1,409.7,13.8,77.7,2.8,8.7,23.6,467.9,1
9.0,173.7,19345.6,7.4,342.9,495.7,15.8,88.8,4.5,7.2,25.9,544.6,0
6.5,233.9,22345.8,9.3,354.6,527.3,17.3,91.5,5.8,6.4,26.9,597.4,0
7.7,185.6,15456.9,7.5,288.6,410.1,13.9,77.9,2.7,8.8,23.5,468.7,1
8.7,166.1,18098.4,8.5,322.1,473.4,15.6,85.5,4.2,7.3,25.3,537.3,0
6.8,215.8,19876.2,8.9,318.4,457.8,15.2,84.6,4.1,7.5,24.9,522.1,1
7.3,189.9,15678.7,7.7,290.9,414.5,14.0,78.3,2.9,8.6,23.7,473.9,1
8.8,170.6,19567.9,7.2,343.7,497.1,15.9,89.0,4.4,7.2,26.0,545.8,0
6.4,242.5,23678.4,9.6,365.1,540.7,18.4,93.8,6.5,6.0,27.4,612.3,0
7.5,188.1,15345.6,7.6,289.2,408.9,13.8,77.5,2.8,8.7,23.6,469.5,1
9.2,174.3,20098.7,7.0,348.2,503.6,16.1,90.4,4.8,6.9,26.3,550.1,0
6.7,218.6,20234.5,8.8,330.9,492.5,16.5,88.3,5.3,6.8,26.4,575.7,0
7.6,183.9,14987.3,7.4,284.1,404.8,13.6,76.6,2.6,8.9,23.2,462.4,1
8.9,164.8,18876.9,8.6,323.5,474.2,15.7,85.9,4.3,7.3,25.4,537.6,0
6.2,249.7,24098.6,10.0,378.3,551.9,19.0,95.6,7.1,5.7,27.9,633.5,0
7.4,190.7,16234.8,7.8,294.6,417.8,14.2,79.2,3.0,8.4,24.0,478.1,1
8.5,162.6,18345.7,8.7,321.8,472.1,15.8,85.1,4.2,7.4,25.5,536.7,0
6.9,212.1,18567.4,8.6,313.5,449.2,14.9,83.4,3.8,7.8,24.7,514.6,1
7.8,181.2,14876.5,7.3,282.8,402.4,13.4,75.5,2.5,8.9,23.1,458.9,1
9.1,176.8,19234.6,7.1,341.3,496.8,15.9,88.6,4.5,7.1,26.1,546.2,0
6.3,245.9,23876.2,9.8,369.7,544.6,18.7,94.9,6.8,5.9,27.6,618.4,0
7.7,186.4,15678.9,7.7,290.4,412.3,14.0,78.1,2.8,8.7,23.8,471.8,1
8.6,165.2,18234.5,8.4,320.1,470.3,15.5,84.7,4.1,7.4,25.2,535.4,0
6.8,204.9,17876.3,8.5,310.6,444.7,14.8,82.5,3.7,7.9,24.6,505.8,1
7.9,179.5,14567.4,7.5,283.4,403.1,13.5,75.8,2.4,9.0,23.0,459.2,1
8.4,158.7,12876.8,6.8,268.9,380.6,12.4,72.1,1.8,9.6,22.7,435.9,1
5.8,266.3,26567.9,11.1,405.2,587.8,20.7,99.8,8.4,5.2,29.4,667.1,0
7.2,194.6,16345.7,8.0,297.5,422.1,14.3,79.7,3.1,8.3,24.2,484.5,1
8.7,167.9,18987.6,8.3,319.9,469.4,15.4,84.9,4.0,7.5,25.1,535.3,0
6.9,207.8,17987.4,8.4,308.7,443.5,14.7,82.8,3.6,8.0,24.5,508.1,1
7.8,180.6,15098.8,7.4,285.9,407.6,13.7,77.0,2.7,8.8,23.4,465.7,1
9.3,175.4,19987.5,7.1,345.8,502.4,16.0,89.9,4.7,7.0,26.2,549.6,0
6.1,253.1,24567.3,10.3,382.4,561.8,19.4,97.2,7.5,5.5,28.5,641.7,0
7.5,189.4,15789.6,7.9,292.1,415.9,14.1,78.9,2.9,8.5,24.0,475.3,1
8.8,168.6,19234.8,8.5,324.3,475.6,15.8,86.1,4.4,7.2,25.6,539.1,0
6.6,223.4,21234.9,9.1,335.2,507.1,16.7,89.4,5.6,6.6,26.6,581.4,0
7.6,184.8,15234.7,7.5,286.7,408.4,13.8,77.2,2.7,8.8,23.5,466.2,1
8.9,166.3,18567.8,8.7,323.0,473.9,15.7,85.4,4.3,7.3,25.4,537.8,0
6.7,214.7,19345.6,8.8,317.8,455.3,15.1,84.5,4.0,7.6,24.9,520.7,1
7.4,191.2,16098.4,7.8,295.3,418.7,14.2,79.4,3.0,8.4,24.0,479.6,1
8.5,161.9,18098.7,8.6,321.6,471.8,15.6,85.0,4.1,7.4,25.3,536.2,0
6.8,210.6,18234.5,8.7,314.9,452.1,15.0,83.9,3.9,7.7,24.8,517.4,1
7.9,178.7,14345.8,7.2,281.2,400.9,13.2,74.4,2.3,9.1,22.8,455.6,1
9.0,173.1,19456.7,7.4,343.1,498.9,15.9,89.2,4.5,7.1,26.0,545.4,0
6.2,248.6,23789.4,9.9,374.6,549.7,18.8,94.7,6.9,5.8,27.7,628.9,0
7.3,192.8,15876.5,7.9,294.1,417.2,14.2,78.7,3.0,8.5,23.9,477.3,1
8.6,164.5,18456.9,8.4,320.4,470.7,15.5,84.6,4.1,7.4,25.2,535.6,0
6.9,206.7,17654.8,8.5,310.2,445.9,14.8,82.6,3.7,7.9,24.6,507.3,1
7.7,182.3,15567.9,7.6,288.4,411.5,14.0,78.4,2.8,8.6,23.7,470.8,1
8.8,169.8,19098.6,8.3,325.7,476.2,15.8,86.0,4.4,7.2,25.7,540.7,0
6.4,241.2,22876.7,9.5,362.8,534.9,18.3,93.6,6.4,6.1,27.2,609.5,0
7.5,188.9,15456.7,7.7,290.6,413.8,14.0,78.6,2.9,8.6,23.8,473.1,1
9.1,175.7,19678.4,7.0,340.9,499.6,16.0,89.5,4.6,7.0,26.1,547.3,0
6.6,220.8,20567.3,8.9,332.4,495.8,16.4,88.7,5.4,6.7,26.5,577.6,0
7.8,183.6,14798.5,7.3,284.6,406.2,13.6,76.7,2.6,8.8,23.3,463.1,1
8.7,166.4,18345.8,8.5,322.3,472.5,15.6,85.2,4.2,7.3,25.3,536.9,0
6.8,213.5,18876.2,8.8,316.1,453.7,15.1,84.3,3.9,7.6,24.8,519.2,1
7.2,195.1,16234.9,8.1,298.9,421.6,14.4,80.1,3.2,8.2,24.3,486.7,1
8.9,164.1,18789.5,8.6,324.8,474.8,15.7,85.8,4.3,7.3,25.5,538.7,0
6.5,237.9,22567.6,9.4,358.1,532.7,17.6,92.4,6.1,6.3,27.1,601.3,0
7.6,187.2,15345.6,7.5,287.8,409.4,13.9,77.6,2.8,8.7,23.6,468.9,1
8.4,160.7,17876.4,8.8,318.2,467.1,15.3,84.1,3.9,7.6,24.9,532.5,1
6.9,208.3,18098.7,8.6,312.7,448.6,14.9,83.2,3.8,7.8,24.7,513.4,1
7.9,180.1,14876.3,7.4,283.7,404.3,13.5,75.9,2.5,8.9,23.2,460.5,1
8.8,168.2,19567.8,8.2,326.4,477.9,15.9,86.4,4.5,7.1,25.8,541.2,0
6.3,244.7,23345.9,9.7,366.9,542.1,18.5,94.1,6.6,6.0,27.4,614.8,0
7.4,189.6,15987.4,7.8,293.6,416.4,14.1,79.1,3.0,8.4,24.0,478.7,1
8.6,165.8,18234.6,8.4,320.7,470.9,15.5,84.8,4.1,7.4,25.2,535.8,0
6.7,216.9,19876.5,8.9,318.6,457.2,15.2,84.9,4.1,7.5,25.0,523.6,1
7.8,181.9,15098.6,7.3,285.1,407.8,13.7,77.3,2.7,8.8,23.4,466.4,1
9.2,174.6,19234.7,7.1,342.5,500.3,16.1,89.7,4.7,7.0,26.2,548.9,0
6.1,251.8,24098.3,10.2,381.6,558.4,19.2,96.9,7.3,5.6,28.3,638.7,0
7.5,190.3,15678.8,7.9,291.8,414.7,14.1,79.0,2.9,8.5,24.1,476.2,1
8.7,167.1,18876.9,8.3,323.2,474.1,15.6,85.3,4.2,7.3,25.3,537.4,0
6.8,205.4,17345.7,8.5,309.4,442.8,14.7,82.4,3.6,8.0,24.5,504.9,1
7.9,179.8,14567.2,7.5,282.9,401.6,13.4,75.7,2.4,9.0,23.0,458.1,1
8.5,159.4,17678.9,8.7,319.8,468.7,15.4,84.4,4.0,7.5,25.1,533.2,1
6.6,227.1,21876.4,9.2,336.7,509.4,16.8,90.1,5.7,6.5,26.7,583.9,0
7.7,185.7,15234.8,7.6,288.9,411.2,14.0,78.2,2.8,8.7,23.7,470.4,1
8.9,166.9,18567.6,8.5,324.1,475.4,15.7,85.7,4.4,7.2,25.6,538.9,0
6.4,239.6,22345.7,9.6,360.4,537.8,18.0,93.8,6.2,6.2,27.0,607.1,0
7.3,194.2,16567.9,8.0,296.2,419.8,14.3,79.8,3.1,8.3,24.2,483.4,1
8.4,163.1,18098.4,8.8,321.9,472.3,15.8,85.1,4.2,7.4,25.4,536.5,0
6.9,211.7,18234.6,8.7,315.3,451.9,15.0,84.2,3.9,7.7,24.8,516.8,1
7.8,180.5,15567.8,7.4,286.4,408.9,13.8,77.8,2.8,8.6,23.6,469.7,1
9.0,173.4,19345.9,7.2,341.7,497.6,15.9,89.1,4.5,7.2,25.9,546.1,0
6.2,246.3,23567.8,9.8,371.2,546.9,18.7,94.5,6.8,5.9,27.5,624.1,0
7.6,188.4,15456.7,7.7,290.1,412.7,14.0,78.5,2.9,8.6,23.8,472.3,1
8.8,167.6,18789.3,8.4,322.8,473.7,15.6,85.5,4.3,7.3,25.4,537.1,0
6.5,234.2,22098.5,9.3,355.7,529.1,17.4,91.9,5.9,6.4,26.8,598.6,0
7.4,192.9,15876.4,7.8,293.3,417.1,14.2,79.3,3.0,8.4,24.0,477.9,1
8.6,164.7,18345.7,8.6,320.6,471.2,15.5,84.9,4.1,7.4,25.2,535.9,0
6.8,208.9,17987.6,8.6,313.8,450.4,14.9,83.7,3.8,7.8,24.7,512.1,1
7.9,181.3,14798.7,7.3,284.2,405.1,13.6,76.4,2.6,8.9,23.1,461.3,1
9.1,175.2,19567.4,7.1,344.9,501.8,16.0,89.8,4.6,7.1,26.1,548.7,0
6.3,242.8,23098.6,9.5,363.5,539.6,18.2,94.2,6.4,6.1,27.3,611.9,0
7.7,186.8,15345.8,7.5,289.6,410.6,13.9,78.0,2.8,8.7,23.5,470.1,1
8.7,166.5,18456.9,8.5,323.4,474.6,15.6,85.6,4.2,7.3,25.3,537.8,0
6.6,219.4,20234.7,8.9,331.2,492.7,16.5,88.8,5.3,6.8,26.4,574.3,0
7.5,189.1,15678.5,7.6,291.4,414.2,14.1,78.7,2.9,8.5,23.9,474.6,1
8.9,168.9,18876.7,8.3,325.9,476.8,15.8,86.2,4.4,7.2,25.7,540.4,0
6.7,215.6,19345.8,8.8,318.1,456.8,15.1,84.6,4.0,7.6,24.9,521.9,1
7.8,182.7,15098.4,7.4,285.7,408.3,13.7,77.4,2.7,8.8,23.4,467.1,1
8.4,161.2,17876.9,8.7,320.3,469.4,15.4,84.7,4.0,7.5,25.0,534.1,1
6.4,240.9,22678.3,9.6,364.8,541.7,18.3,94.0,6.5,6.0,27.2,610.4,0
7.3,193.5,16234.7,7.9,295.7,418.4,14.2,79.5,3.0,8.4,24.1,480.9,1
8.8,165.3,18567.4,8.4,322.6,473.1,15.6,85.4,4.2,7.3,25.3,537.5,0
6.9,207.1,17876.5,8.5,311.9,447.3,14.8,83.1,3.7,7.9,24.6,509.7,1
7.6,184.9,15234.6,7.5,287.2,409.7,13.8,77.7,2.8,8.7,23.6,468.4,1
9.3,176.1,19876.8,7.0,346.3,503.1,16.1,90.2,4.8,6.9,26.3,550.7,0
6.1,254.7,24345.9,10.4,385.2,563.1,19.5,97.6,7.6,5.4,28.6,644.2,0
7.4,190.8,15987.3,7.8,293.9,417.6,14.2,79.4,3.0,8.4,24.0,479.1,1
8.5,162.4,18234.8,8.6,321.1,471.9,15.5,85.0,4.1,7.4,25.2,536.3,0
6.8,212.3,18456.7,8.7,315.6,453.2,15.0,84.4,3.9,7.7,24.8,518.1,1
7.9,179.1,14876.2,7.3,283.6,403.8,13.5,75.6,2.5,8.9,23.2,459.4,1
8.6,167.7,18789.5,8.3,323.7,474.3,15.6,85.8,4.3,7.2,25.4,538.2,0
6.5,236.4,22456.8,9.4,357.9,531.4,17.5,92.3,6.0,6.3,26.9,600.1,0
7.7,187.3,15456.9,7.7,289.8,411.9,14.0,78.3,2.8,8.6,23.7,471.5,1
8.9,169.4,18987.6,8.5,325.2,476.1,15.8,86.1,4.4,7.2,25.6,539.8,0
6.3,243.1,23234.7,9.7,365.4,540.9,18.4,94.4,6.6,6.0,27.4,613.2,0
7.2,195.6,16345.8,8.1,297.8,422.7,14.4,80.2,3.2,8.2,24.3,487.1,1
8.7,164.8,18098.5,8.4,321.4,472.6,15.5,85.2,4.1,7.4,25.1,536.8,0
6.9,209.7,18234.9,8.6,314.1,451.7,14.9,83.9,3.8,7.8,24.7,515.3,1
7.8,181.6,15567.4,7.4,286.9,409.2,13.8,77.9,2.8,8.6,23.5,470.6,1
9.2,174.9,19678.7,7.1,343.8,500.7,16.0,89.6,4.7,7.0,26.2,549.1,0
6.2,248.5,23789.2,9.9,373.1,548.2,18.8,95.3,6.9,5.8,27.6,627.4,0
7.5,189.9,15789.6,7.9,292.5,415.8,14.1,79.1,2.9,8.5,24.0,476.7,1
8.8,168.1,18876.4,8.3,324.7,475.9,15.7,86.0,4.4,7.2,25.5,539.6,0
6.6,222.7,21098.3,9.0,334.6,506.2,16.6,89.7,5.5,6.6,26.6,582.1,0
7.6,185.4,15345.7,7.5,288.1,410.4,13.9,78.1,2.8,8.7,23.6,469.2,1
8.4,160.9,17987.8,8.8,319.6,468.1,15.4,84.5,3.9,7.6,24.8,533.7,1
6.8,214.1,19567.6,8.8,317.4,455.9,15.1,84.8,4.0,7.5,25.0,522.4,1
7.3,192.6,15876.8,7.9,294.8,417.9,14.2,79.6,3.0,8.4,24.1,479.4,1
8.9,166.2,18567.9,8.5,324.0,475.1,15.7,85.9,4.3,7.2,25.4,538.6,0
6.4,241.8,22987.4,9.6,362.1,536.8,18.1,93.7,6.3,6.1,27.1,608.9,0
7.7,186.1,15234.9,7.6,290.3,412.1,14.0,78.4,2.9,8.6,23.8,471.9,1
8.6,165.6,18345.6,8.4,322.9,473.4,15.6,85.3,4.2,7.3,25.2,537.2,0
6.7,217.8,20456.7,8.9,330.5,494.1,16.4,89.1,5.4,6.7,26.5,576.8,0
7.9,180.2,14798.3,7.3,284.4,406.7,13.6,76.8,2.6,8.8,23.3,462.5,1
8.5,159.7,17345.8,8.7,320.8,470.2,15.4,84.8,4.0,7.5,24.9,534.6,1
6.9,206.8,17654.9,8.5,310.7,446.7,14.8,82.9,3.7,7.9,24.6,508.1,1
7.4,191.4,16098.7,7.8,295.1,418.2,14.2,79.7,3.0,8.4,24.0,480.3,1
8.8,167.3,18789.2,8.4,323.5,474.7,15.6,85.7,4.3,7.2,25.3,538.1,0
6.5,238.9,22678.5,9.5,359.3,533.7,17.7,92.6,6.2,6.2,27.0,602.4,0
7.6,187.9,15567.8,7.7,290.7,413.5,14.0,78.8,2.9,8.6,23.8,473.7,1
9.0,173.8,19234.5,7.2,342.1,498.4,15.9,89.4,4.5,7.1,25.8,546.7,0
6.3,245.2,23456.9,9.8,367.6,543.4,18.6,94.8,6.7,5.9,27.5,616.8,0
7.8,182.5,15098.6,7.4,285.3,408.1,13.7,77.6,2.7,8.8,23.4,467.3,1
8.7,166.8,18456.7,8.5,323.1,474.0,15.6,85.5,4.2,7.3,25.1,537.7,0
6.8,213.9,18987.4,8.7,316.8,454.3,15.1,84.7,4.0,7.6,24.9,520.1,1
7.1,196.3,16567.9,8.2,299.4,424.1,14.4,80.6,3.3,8.1,24.4,489.2,1
8.9,164.5,18876.8,8.6,325.4,476.3,15.8,86.3,4.4,7.2,25.6,540.9,0
6.6,226.1,21567.4,9.1,337.9,510.6,16.7,90.4,5.8,6.5,26.8,585.7,0
7.5,188.7,15678.3,7.6,291.9,415.4,14.1,79.2,2.9,8.5,24.1,475.9,1
8.4,161.8,17876.5,8.8,321.7,471.8,15.5,85.1,4.1,7.4,25.0,535.4,1
6.9,210.4,18345.7,8.6,313.2,449.8,14.9,83.6,3.8,7.8,24.7,514.7,1
7.8,181.1,15234.8,7.3,286.1,409.9,13.8,78.2,2.8,8.7,23.5,469.4,1
9.1,175.7,19567.6,7.1,344.2,501.2,16.0,89.7,4.6,7.0,26.1,548.3,0
6.2,250.6,24098.7,10.1,379.8,556.9,19.1,96.7,7.2,5.7,28.1,635.4,0
7.4,190.1,15987.5,7.9,293.7,417.3,14.2,79.5,3.0,8.4,24.0,478.6,1
8.6,165.4,18234.6,8.4,322.3,473.2,15.6,85.4,4.2,7.3,25.2,537.1,0
6.7,219.6,20345.8,8.9,332.1,496.4,16.5,89.2,5.4,6.7,26.4,577.9,0
7.9,179.8,14876.4,7.5,283.9,404.6,13.5,76.1,2.5,8.9,23.1,460.7,1
8.8,168.6,18987.3,8.3,325.8,476.7,15.8,86.4,4.4,7.1,25.7,540.8,0
6.4,243.7,23234.9,9.7,366.1,541.8,18.4,94.6,6.6,6.0,27.3,614.1,0
7.3,193.8,16234.5,8.0,296.5,419.7,14.3,80.0,3.1,8.3,24.2,482.9,1
8.5,162.1,18098.7,8.6,321.9,472.1,15.5,85.2,4.1,7.4,25.1,536.6,0
6.8,208.2,17987.6,8.5,312.4,448.1,14.8,83.3,3.7,7.9,24.6,511.3,1
7.6,184.6,15345.9,7.5,288.7,411.6,13.9,78.5,2.8,8.6,23.7,470.8,1
9.2,176.4,19876.5,7.0,346.7,503.8,16.1,90.5,4.8,6.9,26.3,551.2,0
6.1,256.3,24567.8,10.5,387.9,566.2,19.7,98.3,7.8,5.3,28.8,647.1,0
7.7,187.5,15456.8,7.7,291.1,413.8,14.0,78.9,2.9,8.6,23.8,473.2,1
8.9,169.2,18876.9,8.5,325.6,476.4,15.8,86.2,4.4,7.2,25.5,540.1,0
6.5,235.8,22567.3,9.4,358.7,532.9,17.6,92.8,6.1,6.3,26.9,601.7,0
7.4,191.9,15876.7,7.8,294.3,418.6,14.2,79.8,3.0,8.4,24.1,480.1,1
8.7,164.9,18345.4,8.4,322.7,473.8,15.6,85.6,4.2,7.3,25.2,537.6,0
6.9,211.5,18456.8,8.7,315.9,452.4,15.0,84.5,3.9,7.7,24.8,517.9,1
7.8,180.7,15098.5,7.4,285.8,409.3,13.8,78.1,2.8,8.6,23.6,469.8,1
8.6,167.1,18789.6,8.3,324.2,475.1,15.6,86.0,4.3,7.2,25.4,538.7,0
6.3,244.9,23678.2,9.8,368.3,544.7,18.7,95.1,6.8,5.9,27.6,618.3,0
7.5,189.6,15789.4,7.9,292.8,416.2,14.1,79.4,2.9,8.5,24.0,477.1,1
9.0,174.2,19345.7,7.2,343.4,499.1,15.9,89.8,4.5,7.1,25.9,547.4,0
6.6,224.3,21234.6,9.0,335.8,508.1,16.6,90.1,5.6,6.6,26.7,583.9,0
7.9,179.4,14567.8,7.3,282.7,402.9,13.4,75.4,2.4,9.0,22.9,457.6,1
8.8,168.8,18567.5,8.5,324.9,475.8,15.7,86.1,4.4,7.2,25.5,539.7,0
6.7,216.7,19876.3,8.8,319.7,458.2,15.2,85.3,4.1,7.5,25.0,524.1,1
7.2,194.4,16345.6,8.1,298.1,423.4,14.4,80.4,3.2,8.2,24.3,487.8,1
8.4,160.3,17654.9,8.7,320.5,469.7,15.4,84.9,4.0,7.5,24.8,534.2,1
6.8,212.9,18234.7,8.7,316.3,453.9,15.1,84.8,4.0,7.6,24.9,520.6,1
7.6,185.2,15234.5,7.5,289.4,412.7,14.0,78.7,2.9,8.6,23.8,472.1,1
9.3,177.1,20098.4,7.0,347.1,504.6,16.2,90.8,4.9,6.8,26.4,552.7,0
6.2,249.8,23987.6,10.0,376.4,551.3,18.9,96.2,7.1,5.6,27.9,630.8,0
7.7,186.9,15567.9,7.7,291.6,414.5,14.1,79.1,2.9,8.5,24.1,474.3,1
8.9,169.7,18987.8,8.3,326.2,477.1,15.8,86.5,4.4,7.1,25.6,541.3,0
6.4,240.2,22876.5,9.6,363.9,539.2,18.2,94.3,6.4,6.1,27.2,611.7,0
7.3,192.1,15987.3,7.9,295.9,419.1,14.2,79.9,3.0,8.3,24.2,481.4,1
8.5,163.6,18234.9,8.6,322.1,472.4,15.5,85.3,4.1,7.4,25.1,536.9,0
6.9,209.1,18098.6,8.6,314.7,450.6,14.9,84.1,3.8,7.8,24.7,515.8,1
7.8,181.8,15456.7,7.4,286.3,410.1,13.8,78.3,2.8,8.6,23.7,470.4,1
9.1,175.3,19678.9,7.1,345.6,502.4,16.0,90.1,4.7,7.0,26.2,549.8,0
6.1,253.4,24345.7,10.3,383.2,560.7,19.3,97.9,7.5,5.5,28.4,642.1,0
7.4,190.7,16098.8,7.8,294.6,418.9,14.2,79.7,3.0,8.4,24.0,480.7,1
8.7,166.4,18456.5,8.4,323.8,474.6,15.6,85.8,4.2,7.2,25.3,538.3,0
6.6,221.9,20567.4,8.9,333.4,497.8,16.5,89.6,5.5,6.7,26.5,579.2,0
7.9,180.6,14798.7,7.3,285.1,407.4,13.7,77.2,2.7,8.8,23.4,465.9,1
8.8,167.9,18789.3,8.5,325.1,476.2,15.7,86.3,4.4,7.2,25.4,540.6,0
6.5,237.6,22456.9,9.5,359.8,534.1,17.7,93.1,6.2,6.2,27.0,603.8,0
7.5,188.3,15678.6,7.6,292.3,415.7,14.1,79.5,2.9,8.5,24.1,476.4,1
8.6,164.1,18098.4,8.7,321.6,471.3,15.5,85.4,4.1,7.3,25.0,536.1,1
6.8,214.7,18567.9,8.8,317.1,455.1,15.1,85.0,4.0,7.5,25.0,522.8,1
7.1,195.9,16456.8,8.2,299.7,425.3,14.5,80.8,3.3,8.1,24.4,490.6,1
8.9,165.8,18876.7,8.6,326.3,477.4,15.8,86.7,4.5,7.1,25.7,541.8,0
6.3,246.5,23567.8,9.9,369.1,545.9,18.8,95.4,6.9,5.8,27.7,620.1,0
7.6,187.1,15345.8,7.5,290.8,413.2,14.0,78.9,2.9,8.6,23.8,473.6,1
9.2,176.7,19987.5,7.1,346.9,504.1,16.1,90.7,4.8,6.9,26.3,552.1,0
6.7,218.4,20098.6,8.9,331.6,495.3,16.4,89.8,5.4,6.7,26.4,578.7,0
7.8,182.3,15098.7,7.4,286.7,409.8,13.8,78.4,2.8,8.6,23.6,470.1,1
8.4,161.5,17876.2,8.8,321.3,470.9,15.4,85.2,4.0,7.4,24.9,535.1,1
6.9,207.6,17876.8,8.5,312.9,449.2,14.8,83.8,3.7,7.9,24.6,512.4,1
7.3,193.2,16234.9,8.0,296.8,420.4,14.3,80.2,3.1,8.3,24.2,483.7,1
8.8,168.9,18567.6,8.3,325.7,476.8,15.7,86.4,4.4,7.1,25.5,540.3,0
6.4,242.1,23098.4,9.7,365.6,541.2,18.3,94.7,6.5,6.0,27.3,613.5,0
7.7,185.9,15456.7,7.6,291.2,414.1,14.0,79.3,2.9,8.5,24.0,474.7,1
8.9,169.5,18876.5,8.5,325.9,477.2,15.8,86.6,4.4,7.1,25.6,541.1,0
6.6,223.8,21345.7,9.0,336.2,509.7,16.7,90.5,5.7,6.5,26.8,585.2,0
7.4,191.6,15876.9,7.8,294.9,418.7,14.2,79.8,3.0,8.4,24.1,480.4,1
8.5,162.9,18234.7,8.6,322.4,472.9,15.5,85.5,4.1,7.3,25.1,537.3,0
6.8,210.8,18345.6,8.7,315.2,452.7,15.0,84.6,3.9,7.7,24.8,518.4,1
7.9,179.2,14567.5,7.3,284.1,405.3,13.5,76.9,2.5,8.9,23.2,461.2,1
9.0,174.6,19456.8,7.2,344.8,500.6,15.9,90.0,4.6,7.0,26.1,548.1,0
6.2,251.7,24234.8,10.2,381.4,558.6,19.2,97.1,7.3,5.6,28.2,637.9,0
7.5,189.4,15789.7,7.9,293.1,416.9,14.1,79.6,2.9,8.4,24.1,477.8,1
8.7,166.7,18456.3,8.4,324.1,475.2,15.6,86.1,4.2,7.2,25.3,538.9,0
6.5,238.3,22678.6,9.5,360.4,535.7,17.8,93.4,6.3,6.2,27.1,604.2,0
7.6,186.8,15234.5,7.5,289.7,412.4,13.9,78.8,2.8,8.6,23.7,472.6,1
8.8,168.2,18789.4,8.3,326.5,477.9,15.8,86.8,4.5,7.1,25.6,541.7,0
6.3,245.6,23456.7,9.8,368.9,545.3,18.7,95.6,6.8,5.8,27.6,619.4,0
7.8,181.4,15098.6,7.4,285.6,409.1,13.7,78.6,2.8,8.6,23.5,469.3,1
8.6,165.1,18234.8,8.7,323.2,474.1,15.6,85.9,4.2,7.2,25.2,537.8,0
6.9,212.4,18567.7,8.6,316.8,454.6,15.1,85.1,4.0,7.6,24.9,521.3,1
7.1,196.8,16567.4,8.2,300.3,426.1,14.5,81.1,3.4,8.0,24.5,492.3,1
8.9,164.3,18876.9,8.6,326.7,478.1,15.8,87.0,4.5,7.0,25.8,542.6,0
6.6,225.2,21567.8,9.1,338.6,512.4,16.8,91.2,5.9,6.4,26.9,587.1,0
7.4,190.2,15987.8,7.8,295.4,419.3,14.2,80.1,3.0,8.3,24.2,481.9,1
8.5,163.7,18098.5,8.6,322.8,473.6,15.5,85.7,4.1,7.3,25.0,537.1,0
6.8,209.3,18234.9,8.5,314.5,451.4,14.9,84.3,3.8,7.8,24.7,516.7,1
7.9,180.9,14798.4,7.3,285.4,408.1,13.6,77.8,2.7,8.8,23.3,466.8,1
9.1,175.9,19678.3,7.1,346.1,503.7,16.0,90.4,4.7,6.9,26.2,550.4,0
6.1,254.9,24567.3,10.4,386.8,565.1,19.6,98.7,7.7,5.4,28.7,646.2,0
7.7,186.5,15456.9,7.7,291.9,414.7,14.1,79.7,2.9,8.5,24.0,475.1,1
8.9,169.8,18987.6,8.3,326.8,477.6,15.8,87.1,4.4,7.0,25.7,542.1,0
6.4,241.7,23234.5,9.7,366.2,542.8,18.4,95.0,6.6,5.9,27.4,615.3,0
7.3,192.7,16098.7,8.0,296.1,420.8,14.3,80.3,3.1,8.3,24.2,484.2,1
8.7,165.6,18345.9,8.4,324.6,475.9,15.6,86.3,4.2,7.2,25.3,539.1,0
6.7,220.1,20456.8,8.9,333.1,498.6,16.5,90.1,5.4,6.7,26.5,580.4,0
7.8,182.1,15234.6,7.4,287.2,410.6,13.8,78.9,2.8,8.6,23.6,471.3,1
8.4,161.8,17654.7,8.8,321.7,471.4,15.4,85.6,4.0,7.4,24.8,535.7,1
6.9,208.7,18098.4,8.6,315.1,452.9,14.9,84.7,3.9,7.7,24.8,517.6,1
7.5,189.1,15789.5,7.9,293.6,417.1,14.1,79.9,3.0,8.4,24.1,478.3,1
9.2,176.2,19876.7,7.0,347.4,505.3,16.1,91.1,4.8,6.8,26.4,553.9,0
6.2,250.3,24098.9,10.1,380.1,557.9,19.1,97.4,7.2,5.6,28.1,636.7,0
7.6,185.7,15345.4,7.5,290.5,413.9,14.0,79.1,2.9,8.5,23.9,474.1,1
8.8,168.4,18789.7,8.5,325.3,477.3,15.7,86.9,4.4,7.1,25.4,541.2,0
6.5,236.9,22567.9,9.4,361.7,536.4,17.9,93.7,6.4,6.1,27.2,605.8,0
7.9,179.6,14876.8,7.3,284.7,406.8,13.5,77.1,2.6,8.8,23.1,462.4,1
8.6,166.9,18456.2,8.7,323.9,475.8,15.6,86.4,4.3,7.2,25.2,539.3,0
6.8,213.6,18876.5,8.7,317.6,456.2,15.2,85.4,4.1,7.5,25.0,523.7,1
7.1,195.4,16345.8,8.1,299.1,424.7,14.4,81.3,3.3,8.1,24.4,489.8,1
8.9,165.2,18567.9,8.6,327.1,479.2,15.8,87.3,4.6,7.0,25.8,543.4,0
6.3,247.8,23678.4,9.9,370.4,547.1,18.9,95.9,7.0,5.7,27.8,621.7,0
7.4,191.3,15876.6,7.8,295.7,419.6,14.2,80.4,3.0,8.3,24.1,482.1,1
8.5,162.4,18098.7,8.6,323.1,474.2,15.5,86.1,4.1,7.3,25.0,537.9,0
6.9,211.8,18345.5,8.8,316.4,453.8,15.0,85.0,3.9,7.6,24.9,519.1,1
7.8,180.2,15098.9,7.4,286.1,409.4,13.8,78.7,2.8,8.6,23.5,470.7,1
9.0,174.1,19345.6,7.2,344.2,501.1,15.9,90.3,4.5,7.0,25.9,549.2,0
6.6,227.4,21876.2,9.2,339.8,514.7,16.9,91.6,6.0,6.3,27.0,589.3,0
7.7,187.8,15567.3,7.7,292.4,415.2,14.1,79.8,2.9,8.5,24.0,476.8,1
8.9,169.1,18876.8,8.3,327.4,478.7,15.8,87.4,4.4,7.0,25.6,542.9,0
6.4,243.2,23456.9,9.8,367.1,544.6,18.6,95.3,6.7,5.9,27.5,617.8,0
7.2,194.9,16234.7,8.1,298.8,423.1,14.4,80.9,3.2,8.2,24.3,488.6,1
8.7,166.3,18234.5,8.4,325.2,476.4,15.6,86.8,4.2,7.1,25.3,539.7,0
6.8,215.4,19567.8,8.9,318.9,458.1,15.2,85.7,4.2,7.4,25.1,525.4,1
7.9,181.7,14798.6,7.3,285.9,408.7,13.7,78.1,2.7,8.7,23.4,467.2,1
8.4,160.5,17876.4,8.8,322.4,472.9,15.4,85.9,4.0,7.3,24.9,536.3,1
6.9,210.1,18567.2,8.6,315.8,453.6,15.0,84.9,3.9,7.6,24.8,518.9,1
7.5,188.6,15789.8,7.9,294.2,418.4,14.2,80.2,3.0,8.4,24.1,479.7,1
9.3,177.5,20234.9,6.9,348.7,507.2,16.3,91.4,4.9,6.7,26.5,555.1,0
6.1,256.7,24876.5,10.6,389.3,568.4,19.8,99.2,8.0,5.2,29.0,649.7,0
7.6,186.2,15345.7,7.5,291.3,414.3,14.0,79.4,2.9,8.5,23.9,475.6,1
8.8,168.7,18789.5,8.5,326.1,477.9,15.7,87.2,4.4,7.0,25.5,541.8,0
6.5,239.1,22876.3,9.6,362.4,538.2,18.1,94.1,6.5,6.0,27.3,607.4,0
7.8,182.9,15098.4,7.4,287.8,411.2,13.8,79.0,2.8,8.6,23.6,472.1,1
8.6,165.8,18345.8,8.7,324.7,476.1,15.6,86.6,4.2,7.1,25.2,538.4,0
6.7,217.9,20098.7,8.9,332.7,499.3,16.5,90.4,5.5,6.6,26.6,581.9,0
7.3,193.5,16098.5,8.0,297.4,421.1,14.3,80.6,3.1,8.2,24.2,485.7,1
8.9,164.9,18567.6,8.6,327.8,479.8,15.8,87.6,4.5,6.9,25.8,544.2,0
6.2,252.4,24345.6,10.3,383.7,562.1,19.4,98.1,7.6,5.4,28.5,643.8,0
7.4,190.8,15987.2,7.8,295.9,419.9,14.2,80.5,3.0,8.3,24.1,482.7,1
8.5,163.1,18098.9,8.6,323.6,474.8,15.5,86.4,4.1,7.2,25.1,538.6,0
6.8,212.7,18456.9,8.7,317.2,455.4,15.1,85.3,4.0,7.5,24.9,521.8,1
7.9,179.3,14567.7,7.3,285.2,407.1,13.6,77.9,2.6,8.8,23.2,463.7,1
9.1,175.6,19678.7,7.1,346.8,504.9,16.0,90.8,4.7,6.8,26.3,551.6,0
6.3,246.8,23567.4,9.9,370.1,548.7,18.8,96.2,6.9,5.7,27.7,622.3,0
7.7,185.4,15456.8,7.6,292.1,415.6,14.1,80.0,2.9,8.4,24.0,476.2,1
8.9,169.4,18876.2,8.3,327.9,479.1,15.8,87.7,4.4,6.9,25.7,543.5,0
6.6,224.7,21345.9,9.0,337.6,511.8,16.7,91.0,5.8,6.4,26.9,586.7,0
7.5,189.7,15789.6,7.9,294.8,418.8,14.2,80.3,3.0,8.3,24.1,480.4,1
8.4,161.2,17876.9,8.8,322.9,473.4,15.4,86.2,4.0,7.3,24.9,537.1,1
6.9,209.6,18234.8,8.6,316.1,454.2,15.0,85.2,3.9,7.6,24.8,519.6,1
7.1,196.1,16456.7,8.2,300.7,426.8,14.5,81.7,3.4,8.0,24.5,493.1,1
8.8,167.8,18789.3,8.5,326.4,478.3,15.7,87.5,4.4,6.9,25.6,542.4,0
6.4,242.6,23234.7,9.7,367.8,545.2,18.5,95.6,6.7,5.8,27.5,618.9,0
7.8,181.9,15234.9,7.4,288.1,410.8,13.8,79.2,2.8,8.5,23.7,472.6,1
8.6,166.5,18345.6,8.4,325.1,476.7,15.6,87.0,4.2,7.0,25.3,539.8,0
6.7,219.8,20456.3,8.9,334.2,500.7,16.6,90.7,5.6,6.5,26.7,582.9,0
7.9,180.4,14798.8,7.3,286.3,409.3,13.7,78.4,2.7,8.7,23.4,468.1,1
8.7,165.9,18456.7,8.7,324.9,477.2,15.6,87.1,4.3,7.0,25.2,540.3,0
6.5,238.7,22678.5,9.5,363.1,537.9,17.9,94.4,6.4,6.0,27.2,606.8,0
7.4,191.1,15876.4,7.8,296.3,420.2,14.2,80.7,3.0,8.2,24.2,483.4,1
9.2,176.8,19987.6,7.0,348.1,506.7,16.1,91.7,4.8,6.7,26.4,554.8,0
6.1,255.3,24567.8,10.5,387.6,567.2,19.7,99.0,7.9,5.3,28.8,648.1,0
7.6,186.9,15345.9,7.5,292.7,415.1,14.0,79.7,2.9,8.4,24.0,476.7,1
8.9,168.1,18567.4,8.3,328.3,480.4,15.8,88.0,4.5,6.8,25.8,544.7,0
6.8,214.2,18876.7,8.8,318.7,457.9,15.2,86.1,4.1,7.4,25.0,524.3,1
7.2,195.6,16234.5,8.1,299.5,424.3,14.4,81.4,3.3,8.1,24.4,490.7,1
8.8,165.4,18789.6,8.6,327.1,479.7,15.8,87.9,4.5,6.8,25.7,543.1,0
6.3,248.1,23678.9,9.9,371.5,549.8,19.0,96.7,7.1,5.6,27.9,624.2,0
7.7,186.7,15567.2,7.7,293.4,416.4,14.1,80.4,2.9,8.3,24.1,477.8,1
8.5,162.7,18098.8,8.6,324.2,475.6,15.5,86.7,4.1,7.1,25.1,539.2,0
6.9,211.3,18345.7,8.7,317.9,456.1,15.1,85.6,4.0,7.5,24.9,521.4,1
7.8,180.7,15098.6,7.4,287.6,410.5,13.8,79.5,2.8,8.5,23.6,472.3,1
9.0,174.9,19456.3,7.2,345.4,502.6,15.9,90.9,4.6,6.9,26.0,550.1,0
6.6,226.5,21567.4,9.1,340.2,515.9,16.8,92.1,5.9,6.3,27.1,589.7,0
7.5,188.2,15789.9,7.9,295.1,419.3,14.2,80.6,3.0,8.2,24.2,481.1,1
8.4,161.9,17876.5,8.8,323.7,474.1,15.4,86.5,4.0,7.2,25.0,537.8,1
6.7,216.1,19876.8,8.9,333.9,501.4,16.5,91.0,5.5,6.6,26.6,583.6,0
7.9,181.2,14567.4,7.3,286.8,408.6,13.6,78.7,2.7,8.7,23.3,465.2,1
8.6,166.1,18234.7,8.7,325.8,477.9,15.6,87.4,4.3,6.9,25.3,540.7,0
6.8,213.4,18567.5,8.7,318.4,457.3,15.1,85.9,4.1,7.4,25.0,523.1,1
7.3,193.8,16098.9,8.0,298.2,422.7,14.3,81.1,3.1,8.1,24.3,487.4,1
8.9,164.6,18876.4,8.6,328.7,481.2,15.8,88.3,4.6,6.7,25.9,545.6,0
6.2,253.7,24456.7,10.4,385.1,564.8,19.5,98.9,7.7,5.3,28.6,646.2,0
7.4,190.4,15987.7,7.8,296.6,420.6,14.2,80.9,3.0,8.2,24.2,484.1,1
8.7,165.8,18345.4,8.4,326.3,478.1,15.6,87.6,4.2,6.9,25.2,541.3,0
6.5,240.9,22876.8,9.6,364.7,540.1,18.2,95.1,6.6,5.9,27.4,609.7,0
7.8,182.6,15234.7,7.4,289.1,412.1,13.8,79.8,2.8,8.4,23.8,474.1,1
8.8,168.3,18789.2,8.5,327.6,480.1,15.7,88.1,4.4,6.8,25.5,543.7,0
6.9,210.7,18456.8,8.6,317.6,455.8,15.0,85.7,3.9,7.5,24.9,520.9,1
7.1,196.9,16345.6,8.2,301.2,427.4,14.5,82.1,3.4,7.9,24.6,494.8,1
9.1,176.3,19678.5,7.0,347.6,505.8,16.0,91.5,4.7,6.7,26.3,553.2,0
6.3,247.4,23567.9,9.9,372.8,551.4,19.0,97.1,7.0,5.6,27.8,625.7,0
7.6,185.9,15456.4,7.6,293.7,417.2,14.1,80.8,2.9,8.3,24.1,478.5,1
8.9,169.7,18987.3,8.3,329.1,481.7,15.8,88.6,4.5,6.7,25.8,546.1,0
6.4,244.2,23456.2,9.8,369.4,546.7,18.7,96.0,6.8,5.8,27.6,620.3,0
7.7,187.1,15567.8,7.7,294.9,418.1,14.1,80.7,2.9,8.2,24.2,479.4,1
8.5,163.4,18098.6,8.6,325.4,476.3,15.5,87.2,4.1,7.0,25.1,540.1,0
6.8,215.9,19234.6,8.8,320.1,459.7,15.2,86.4,4.2,7.3,25.1,526.8,1
7.9,179.8,14798.3,7.3,287.4,410.0,13.7,79.1,2.7,8.6,23.4,469.7,1
8.4,160.6,17654.9,8.8,324.1,474.7,15.4,86.8,4.0,7.1,24.9,538.2,1
6.6,228.7,21876.5,9.2,341.8,518.3,16.9,92.7,6.1,6.2,27.2,592.1,0
7.2,194.3,16234.8,8.1,300.1,425.1,14.4,81.9,3.3,8.0,24.4,492.6,1
8.8,167.2,18567.9,8.5,328.9,481.9,15.7,88.4,4.4,6.7,25.6,544.8,0
6.5,241.6,23098.7,9.7,366.1,542.9,18.3,95.8,6.7,5.8,27.5,612.4,0
7.8,181.4,15098.8,7.4,288.7,411.7,13.8,80.1,2.8,8.4,23.7,473.6,1
9.2,177.1,20098.4,6.9,349.2,508.3,16.2,92.1,4.9,6.6,26.5,556.7,0
6.1,257.9,24876.3,10.7,391.4,571.2,20.0,100.1,8.2,5.1,29.2,652.8,0
7.5,189.6,15789.4,7.9,296.4,420.9,14.2,81.2,3.0,8.1,24.2,482.7,1
8.6,166.8,18345.9,8.7,326.7,479.4,15.6,87.9,4.3,6.8,25.3,542.1,0
6.9,212.1,18567.3,8.7,319.3,458.6,15.1,86.2,4.0,7.4,25.0,524.7,1
7.3,192.4,16098.7,8.0,299.8,423.9,14.3,81.6,3.1,8.0,24.3,489.1,1
8.9,165.1,18876.7,8.6,330.4,483.7,15.8,89.0,4.6,6.6,25.9,547.3,0
6.2,255.1,24567.6,10.5,388.9,569.1,19.8,99.7,7.9,5.2,28.9,651.4,0
7.4,191.7,15876.2,7.8,297.1,421.3,14.2,81.4,3.0,8.1,24.2,485.6,1
8.7,164.3,18234.5,8.4,327.9,480.7,15.6,88.1,4.2,6.8,25.2,542.9,0
6.7,218.6,20345.7,8.9,335.4,503.1,16.6,91.6,5.6,6.5,26.7,585.2,0
7.9,180.1,14567.9,7.3,288.2,409.8,13.7,79.4,2.7,8.5,23.5,471.1,1
8.8,168.9,18789.8,8.3,329.7,482.4,15.7,88.7,4.5,6.6,25.7,546.2,0
6.8,214.8,18876.4,8.8,321.2,461.4,15.2,86.9,4.2,7.2,25.1,527.8,1
7.1,195.2,16456.3,8.2,302.4,428.7,14.5,82.8,3.5,7.8,24.7,497.2,1
8.5,162.1,17876.8,8.7,326.1,477.2,15.5,87.5,4.1,6.9,25.0,540.6,0
6.6,230.4,22234.9,9.3,343.7,521.8,17.1,93.4,6.3,6.1,27.3,595.7,0
7.6,187.8,15345.6,7.6,295.3,419.1,14.1,81.5,2.9,8.0,24.1,480.9,1
9.0,175.7,19567.8,7.1,348.9,507.1,16.0,92.3,4.7,6.5,26.2,554.3,0
6.3,249.8,23876.5,10.0,374.2,553.9,19.1,97.8,7.2,5.5,28.0,628.1,0
7.7,184.6,15456.7,7.6,294.1,417.8,14.1,81.0,2.9,8.1,24.0,479.7,1
8.9,170.3,19098.7,8.3,331.5,484.2,15.8,89.3,4.6,6.5,25.8,548.9,0
6.4,245.7,23678.4,9.9,371.6,548.1,18.8,96.6,6.9,5.7,27.7,622.4,0
7.8,182.9,15234.5,7.4,290.8,413.4,13.9,80.6,2.8,8.3,23.8,475.9,1
8.4,161.4,17654.2,8.8,325.8,476.9,15.4,87.7,4.0,6.8,24.9,540.1,0
6.9,209.3,18234.8,8.6,320.1,460.3,15.1,86.8,4.0,7.3,24.9,526.4,1
7.2,196.8,16234.9,8.1,303.2,430.1,14.5,83.4,3.5,7.7,24.8,499.7,1
9.3,178.4,20456.7,6.8,351.7,510.9,16.3,93.1,5.0,6.4,26.6,559.8,0
6.1,259.4,25098.7,10.8,394.7,574.8,20.2,101.4,8.5,4.9,29.5,657.2,0
7.4,190.1,15987.6,7.8,298.7,422.6,14.2,81.8,3.0,7.9,24.3,487.1,1
8.6,167.9,18456.8,8.7,329.1,481.7,15.6,88.6,4.3,6.7,25.4,544.3,0
6.5,243.2,23234.8,9.8,367.9,544.7,18.5,96.3,6.8,5.8,27.6,614.9,0
7.9,181.7,14798.4,7.3,289.6,411.2,13.7,79.9,2.7,8.4,23.6,472.8,1
8.7,163.6,18098.9,8.4,330.4,483.1,15.6,89.1,4.2,6.6,25.2,545.7,0
6.8,216.4,19567.5,8.8,323.8,464.2,15.3,87.6,4.3,7.1,25.2,530.1,1
7.5,188.9,15789.7,7.9,297.9,421.8,14.2,82.1,3.0,7.8,24.2,484.6,1
8.8,169.5,19234.6,8.3,332.9,485.6,15.8,90.1,4.5,6.4,25.9,550.2,0
6.2,256.8,24876.2,10.6,392.1,572.4,19.9,100.3,8.1,5.0,29.1,655.8,0
7.6,186.3,15345.8,7.5,296.7,420.4,14.1,82.0,2.9,7.9,24.1,482.3,1
9.1,176.9,19876.5,7.0,350.2,509.7,16.1,93.0,4.8,6.3,26.4,557.1,0
6.7,221.9,20876.3,9.0,338.1,506.7,16.7,92.3,5.8,6.4,26.8,588.9,0
7.8,183.4,15098.7,7.4,291.9,414.7,13.9,80.9,2.8,8.2,23.9,477.2,1
8.5,162.7,17876.4,8.7,327.4,479.1,15.5,88.2,4.1,6.7,25.0,542.1,0
6.9,211.7,18567.9,8.7,322.1,462.8,15.1,87.4,4.1,7.2,25.0,528.6,1
7.1,197.6,16567.8,8.2,305.1,432.4,14.6,84.3,3.6,7.6,24.9,502.8,1
8.9,166.8,19098.4,8.6,333.7,487.2,15.8,90.7,4.7,6.2,26.0,552.1,0
6.3,251.4,24234.9,10.1,376.8,556.3,19.2,98.4,7.4,5.4,28.2,631.7,0
